volunteer_id,name,city,district,state,latitude,longitude,vehicle_type,capacity_kg,availability,status,verified,data_status
VOL-TG01-001,Demo Volunteer Adilabad 01,Adilabad,Adilabad,Telangana,19.713871,78.595935,bike,40,Full Day,AVAILABLE,True,SYNTHETIC_DEMO
VOL-TG01-002,Demo Volunteer Adilabad 02,Adilabad,Adilabad,Telangana,19.741527,78.599613,auto,10,Evening,AVAILABLE,True,SYNTHETIC_DEMO
VOL-TG01-003,Demo Volunteer Adilabad 03,Adilabad,Adilabad,Telangana,19.675339,78.544436,car,60,Evening,AVAILABLE,True,SYNTHETIC_DEMO
VOL-TG01-004,Demo Volunteer Adilabad 04,Adilabad,Adilabad,Telangana,19.665812,78.485331,van,60,Evening,ON_TASK,True,SYNTHETIC_DEMO
VOL-TG01-005,Demo Volunteer Adilabad 05,Adilabad,Adilabad,Telangana,19.622738,78.544217,bike,30,Full Day,ON_TASK,True,SYNTHETIC_DEMO
VOL-TG01-006,Demo Volunteer Adilabad 06,Adilabad,Adilabad,Telangana,19.691645,78.497497,auto,30,Full Day,AVAILABLE,True,SYNTHETIC_DEMO
VOL-TG01-007,Demo Volunteer Adilabad 07,Adilabad,Adilabad,Telangana,19.649376,78.508162,car,30,Full Day,AVAILABLE,True,SYNTHETIC_DEMO
VOL-TG01-008,Demo Volunteer Adilabad 08,Adilabad,Adilabad,Telangana,19.620621,78.585959,van,40,Evening,AVAILABLE,True,SYNTHETIC_DEMO
VOL-TG01-009,Demo Volunteer Adilabad 09,Adilabad,Adilabad,Telangana,19.725567,78.615113,bike,60,Evening,OFFLINE,True,SYNTHETIC_DEMO
VOL-TG01-010,Demo Volunteer Adilabad 10,Adilabad,Adilabad,Telangana,19.72565,78.506327,auto,40,Afternoon,AVAILABLE,True,SYNTHETIC_DEMO
VOL-TG02-001,Demo Volunteer Bhadradri Kothagudem 01,Bhadradri Kothagudem,Bhadradri Kothagudem,Telangana,17.210387,80.125132,bike,60,Afternoon,AVAILABLE,True,SYNTHETIC_DEMO
VOL-TG02-002,Demo Volunteer Bhadradri Kothagudem 02,Bhadradri Kothagudem,Bhadradri Kothagudem,Telangana,17.310988,80.141274,auto,15,Morning,AVAILABLE,True,SYNTHETIC_DEMO
VOL-TG02-003,Demo Volunteer Bhadradri Kothagudem 03,Bhadradri Kothagudem,Bhadradri Kothagudem,Telangana,17.187751,80.173103,car,20,Evening,ON_TASK,True,SYNTHETIC_DEMO
VOL-TG02-004,Demo Volunteer Bhadradri Kothagudem 04,Bhadradri Kothagudem,Bhadradri Kothagudem,Telangana,17.226021,80.19354,van,15,Full Day,AVAILABLE,True,SYNTHETIC_DEMO
VOL-TG02-005,Demo Volunteer Bhadradri Kothagudem 05,Bhadradri Kothagudem,Bhadradri Kothagudem,Telangana,17.226494,80.098685,bike,15,Afternoon,AVAILABLE,True,SYNTHETIC_DEMO
VOL-TG02-006,Demo Volunteer Bhadradri Kothagudem 06,Bhadradri Kothagudem,Bhadradri Kothagudem,Telangana,17.291182,80.125894,auto,60,Evening,AVAILABLE,True,SYNTHETIC_DEMO
VOL-TG02-007,Demo Volunteer Bhadradri Kothagudem 07,Bhadradri Kothagudem,Bhadradri Kothagudem,Telangana,17.340377,80.112123,car,30,Morning,AVAILABLE,True,SYNTHETIC_DEMO
VOL-TG02-008,Demo Volunteer Bhadradri Kothagudem 08,Bhadradri Kothagudem,Bhadradri Kothagudem,Telangana,17.270062,80.127098,van,60,Morning,AVAILABLE,True,SYNTHETIC_DEMO
VOL-TG02-009,Demo Volunteer Bhadradri Kothagudem 09,Bhadradri Kothagudem,Bhadradri Kothagudem,Telangana,17.199687,80.221873,bike,30,Full Day,AVAILABLE,True,SYNTHETIC_DEMO
VOL-TG02-010,Demo Volunteer Bhadradri Kothagudem 10,Bhadradri Kothagudem,Bhadradri Kothagudem,Telangana,17.232922,80.115128,auto,15,Full Day,ON_TASK,True,SYNTHETIC_DEMO
VOL-TG03-001,Demo Volunteer Hanumakonda 01,Hanumakonda,Hanumakonda,Telangana,17.989649,79.555615,bike,60,Afternoon,OFFLINE,True,SYNTHETIC_DEMO
VOL-TG03-002,Demo Volunteer Hanumakonda 02,Hanumakonda,Hanumakonda,Telangana,17.96729,79.580564,auto,40,Afternoon,OFFLINE,True,SYNTHETIC_DEMO
VOL-TG03-003,Demo Volunteer Hanumakonda 03,Hanumakonda,Hanumakonda,Telangana,18.014279,79.695042,car,40,Morning,ON_TASK,True,SYNTHETIC_DEMO
VOL-TG03-004,Demo Volunteer Hanumakonda 04,Hanumakonda,Hanumakonda,Telangana,18.017946,79.582083,van,60,Full Day,ON_TASK,True,SYNTHETIC_DEMO
VOL-TG03-005,Demo Volunteer Hanumakonda 05,Hanumakonda,Hanumakonda,Telangana,18.020379,79.593527,bike,20,Morning,ON_TASK,True,SYNTHETIC_DEMO
VOL-TG03-006,Demo Volunteer Hanumakonda 06,Hanumakonda,Hanumakonda,Telangana,18.033717,79.550186,auto,30,Evening,ON_TASK,True,SYNTHETIC_DEMO
VOL-TG03-007,Demo Volunteer Hanumakonda 07,Hanumakonda,Hanumakonda,Telangana,18.166308,79.540628,car,15,Afternoon,AVAILABLE,True,SYNTHETIC_DEMO
VOL-TG03-008,Demo Volunteer Hanumakonda 08,Hanumakonda,Hanumakonda,Telangana,18.006406,79.528673,van,15,Afternoon,AVAILABLE,True,SYNTHETIC_DEMO
VOL-TG03-009,Demo Volunteer Hanumakonda 09,Hanumakonda,Hanumakonda,Telangana,18.057479,79.605961,bike,60,Full Day,AVAILABLE,True,SYNTHETIC_DEMO
VOL-TG03-010,Demo Volunteer Hanumakonda 10,Hanumakonda,Hanumakonda,Telangana,18.101029,79.514447,auto,20,Full Day,OFFLINE,True,SYNTHETIC_DEMO
VOL-TG04-001,Demo Volunteer Hyderabad 01,Hyderabad,Hyderabad,Telangana,17.441185,78.518453,bike,20,Afternoon,AVAILABLE,True,SYNTHETIC_DEMO
VOL-TG04-002,Demo Volunteer Hyderabad 02,Hyderabad,Hyderabad,Telangana,17.359099,78.488297,auto,10,Evening,OFFLINE,True,SYNTHETIC_DEMO
VOL-TG04-003,Demo Volunteer Hyderabad 03,Hyderabad,Hyderabad,Telangana,17.272876,78.548398,car,40,Afternoon,AVAILABLE,True,SYNTHETIC_DEMO
VOL-TG04-004,Demo Volunteer Hyderabad 04,Hyderabad,Hyderabad,Telangana,17.354182,78.506415,van,30,Morning,OFFLINE,True,SYNTHETIC_DEMO
VOL-TG04-005,Demo Volunteer Hyderabad 05,Hyderabad,Hyderabad,Telangana,17.260965,78.509092,bike,100,Evening,AVAILABLE,True,SYNTHETIC_DEMO
VOL-TG04-006,Demo Volunteer Hyderabad 06,Hyderabad,Hyderabad,Telangana,17.321865,78.491591,auto,30,Evening,AVAILABLE,True,SYNTHETIC_DEMO
VOL-TG04-007,Demo Volunteer Hyderabad 07,Hyderabad,Hyderabad,Telangana,17.328502,78.445412,car,60,Afternoon,ON_TASK,True,SYNTHETIC_DEMO
VOL-TG04-008,Demo Volunteer Hyderabad 08,Hyderabad,Hyderabad,Telangana,17.360367,78.594208,van,20,Evening,AVAILABLE,True,SYNTHETIC_DEMO
VOL-TG04-009,Demo Volunteer Hyderabad 09,Hyderabad,Hyderabad,Telangana,17.403645,78.466366,bike,20,Evening,OFFLINE,True,SYNTHETIC_DEMO
VOL-TG04-010,Demo Volunteer Hyderabad 10,Hyderabad,Hyderabad,Telangana,17.438281,78.511357,auto,100,Full Day,AVAILABLE,True,SYNTHETIC_DEMO
VOL-TG05-001,Demo Volunteer Jagtial 01,Jagtial,Jagtial,Telangana,18.786453,78.957088,bike,100,Afternoon,AVAILABLE,True,SYNTHETIC_DEMO
VOL-TG05-002,Demo Volunteer Jagtial 02,Jagtial,Jagtial,Telangana,18.731503,79.014033,auto,40,Evening,OFFLINE,True,SYNTHETIC_DEMO
VOL-TG05-003,Demo Volunteer Jagtial 03,Jagtial,Jagtial,Telangana,18.672852,78.833343,car,100,Evening,OFFLINE,True,SYNTHETIC_DEMO
VOL-TG05-004,Demo Volunteer Jagtial 04,Jagtial,Jagtial,Telangana,18.721159,79.023562,van,60,Evening,AVAILABLE,True,SYNTHETIC_DEMO
VOL-TG05-005,Demo Volunteer Jagtial 05,Jagtial,Jagtial,Telangana,18.820115,78.878539,bike,60,Afternoon,ON_TASK,True,SYNTHETIC_DEMO
VOL-TG05-006,Demo Volunteer Jagtial 06,Jagtial,Jagtial,Telangana,18.778416,78.950205,auto,30,Morning,OFFLINE,True,SYNTHETIC_DEMO
VOL-TG05-007,Demo Volunteer Jagtial 07,Jagtial,Jagtial,Telangana,18.881837,78.926631,car,10,Afternoon,OFFLINE,True,SYNTHETIC_DEMO
VOL-TG05-008,Demo Volunteer Jagtial 08,Jagtial,Jagtial,Telangana,18.743226,78.852695,van,30,Morning,ON_TASK,True,SYNTHETIC_DEMO
VOL-TG05-009,Demo Volunteer Jagtial 09,Jagtial,Jagtial,Telangana,18.797629,78.891057,bike,60,Evening,ON_TASK,True,SYNTHETIC_DEMO
VOL-TG05-010,Demo Volunteer Jagtial 10,Jagtial,Jagtial,Telangana,18.791333,78.890993,auto,30,Full Day,AVAILABLE,True,SYNTHETIC_DEMO
VOL-TG06-001,Demo Volunteer Jangaon 01,Jangaon,Jangaon,Telangana,17.81109,79.147472,bike,10,Afternoon,ON_TASK,True,SYNTHETIC_DEMO
VOL-TG06-002,Demo Volunteer Jangaon 02,Jangaon,Jangaon,Telangana,17.739463,79.148949,auto,40,Full Day,AVAILABLE,True,SYNTHETIC_DEMO
VOL-TG06-003,Demo Volunteer Jangaon 03,Jangaon,Jangaon,Telangana,17.804559,79.144567,car,40,Afternoon,OFFLINE,True,SYNTHETIC_DEMO
VOL-TG06-004,Demo Volunteer Jangaon 04,Jangaon,Jangaon,Telangana,17.716934,79.104323,van,20,Evening,AVAILABLE,True,SYNTHETIC_DEMO
VOL-TG06-005,Demo Volunteer Jangaon 05,Jangaon,Jangaon,Telangana,17.743128,79.172188,bike,100,Full Day,AVAILABLE,True,SYNTHETIC_DEMO
VOL-TG06-006,Demo Volunteer Jangaon 06,Jangaon,Jangaon,Telangana,17.768094,79.073805,auto,60,Full Day,ON_TASK,True,SYNTHETIC_DEMO
VOL-TG06-007,Demo Volunteer Jangaon 07,Jangaon,Jangaon,Telangana,17.670786,79.192014,car,40,Full Day,ON_TASK,True,SYNTHETIC_DEMO
VOL-TG06-008,Demo Volunteer Jangaon 08,Jangaon,Jangaon,Telangana,17.715619,79.069824,van,20,Evening,AVAILABLE,True,SYNTHETIC_DEMO
VOL-TG06-009,Demo Volunteer Jangaon 09,Jangaon,Jangaon,Telangana,17.634955,79.181086,bike,20,Full Day,ON_TASK,True,SYNTHETIC_DEMO
VOL-TG06-010,Demo Volunteer Jangaon 10,Jangaon,Jangaon,Telangana,17.830937,79.198633,auto,10,Morning,AVAILABLE,True,SYNTHETIC_DEMO
VOL-TG07-001,Demo Volunteer Jayashankar Bhupalpally 01,Jayashankar Bhupalpally,Jayashankar Bhupalpally,Telangana,18.482994,79.787128,bike,15,Afternoon,AVAILABLE,True,SYNTHETIC_DEMO
VOL-TG07-002,Demo Volunteer Jayashankar Bhupalpally 02,Jayashankar Bhupalpally,Jayashankar Bhupalpally,Telangana,18.319296,79.861956,auto,15,Morning,ON_TASK,True,SYNTHETIC_DEMO
VOL-TG07-003,Demo Volunteer Jayashankar Bhupalpally 03,Jayashankar Bhupalpally,Jayashankar Bhupalpally,Telangana,18.443572,79.804725,car,30,Evening,AVAILABLE,True,SYNTHETIC_DEMO
VOL-TG07-004,Demo Volunteer Jayashankar Bhupalpally 04,Jayashankar Bhupalpally,Jayashankar Bhupalpally,Telangana,18.51502,79.86437,van,10,Morning,ON_TASK,True,SYNTHETIC_DEMO
VOL-TG07-005,Demo Volunteer Jayashankar Bhupalpally 05,Jayashankar Bhupalpally,Jayashankar Bhupalpally,Telangana,18.424421,79.790067,bike,20,Morning,AVAILABLE,True,SYNTHETIC_DEMO
VOL-TG07-006,Demo Volunteer Jayashankar Bhupalpally 06,Jayashankar Bhupalpally,Jayashankar Bhupalpally,Telangana,18.573806,79.829799,auto,40,Morning,AVAILABLE,True,SYNTHETIC_DEMO
VOL-TG07-007,Demo Volunteer Jayashankar Bhupalpally 07,Jayashankar Bhupalpally,Jayashankar Bhupalpally,Telangana,18.406333,79.875666,car,30,Evening,OFFLINE,True,SYNTHETIC_DEMO
VOL-TG07-008,Demo Volunteer Jayashankar Bhupalpally 08,Jayashankar Bhupalpally,Jayashankar Bhupalpally,Telangana,18.497748,79.830066,van,60,Full Day,AVAILABLE,True,SYNTHETIC_DEMO
VOL-TG07-009,Demo Volunteer Jayashankar Bhupalpally 09,Jayashankar Bhupalpally,Jayashankar Bhupalpally,Telangana,18.467617,79.863338,bike,60,Morning,ON_TASK,True,SYNTHETIC_DEMO
VOL-TG07-010,Demo Volunteer Jayashankar Bhupalpally 10,Jayashankar Bhupalpally,Jayashankar Bhupalpally,Telangana,18.393065,79.880386,auto,20,Afternoon,OFFLINE,True,SYNTHETIC_DEMO
VOL-TG08-001,Demo Volunteer Jogulamba Gadwal 01,Jogulamba Gadwal,Jogulamba Gadwal,Telangana,16.333209,77.844375,bike,40,Morning,ON_TASK,True,SYNTHETIC_DEMO
VOL-TG08-002,Demo Volunteer Jogulamba Gadwal 02,Jogulamba Gadwal,Jogulamba Gadwal,Telangana,16.249173,77.767186,auto,40,Evening,OFFLINE,True,SYNTHETIC_DEMO
VOL-TG08-003,Demo Volunteer Jogulamba Gadwal 03,Jogulamba Gadwal,Jogulamba Gadwal,Telangana,16.256412,77.807463,car,10,Evening,AVAILABLE,True,SYNTHETIC_DEMO
VOL-TG08-004,Demo Volunteer Jogulamba Gadwal 04,Jogulamba Gadwal,Jogulamba Gadwal,Telangana,16.247616,77.79885,van,100,Full Day,AVAILABLE,True,SYNTHETIC_DEMO
VOL-TG08-005,Demo Volunteer Jogulamba Gadwal 05,Jogulamba Gadwal,Jogulamba Gadwal,Telangana,16.328157,77.737827,bike,10,Morning,AVAILABLE,True,SYNTHETIC_DEMO
VOL-TG08-006,Demo Volunteer Jogulamba Gadwal 06,Jogulamba Gadwal,Jogulamba Gadwal,Telangana,16.331775,77.745908,auto,15,Morning,AVAILABLE,True,SYNTHETIC_DEMO
VOL-TG08-007,Demo Volunteer Jogulamba Gadwal 07,Jogulamba Gadwal,Jogulamba Gadwal,Telangana,16.18166,77.813391,car,30,Evening,AVAILABLE,True,SYNTHETIC_DEMO
VOL-TG08-008,Demo Volunteer Jogulamba Gadwal 08,Jogulamba Gadwal,Jogulamba Gadwal,Telangana,16.11662,77.808823,van,100,Afternoon,ON_TASK,True,SYNTHETIC_DEMO
VOL-TG08-009,Demo Volunteer Jogulamba Gadwal 09,Jogulamba Gadwal,Jogulamba Gadwal,Telangana,16.153157,77.855309,bike,100,Morning,ON_TASK,True,SYNTHETIC_DEMO
VOL-TG08-010,Demo Volunteer Jogulamba Gadwal 10,Jogulamba Gadwal,Jogulamba Gadwal,Telangana,16.196443,77.883686,auto,10,Afternoon,AVAILABLE,True,SYNTHETIC_DEMO
VOL-TG09-001,Demo Volunteer Kamareddy 01,Kamareddy,Kamareddy,Telangana,18.266057,78.29136,bike,60,Afternoon,AVAILABLE,True,SYNTHETIC_DEMO
VOL-TG09-002,Demo Volunteer Kamareddy 02,Kamareddy,Kamareddy,Telangana,18.312186,78.411773,auto,20,Evening,AVAILABLE,True,SYNTHETIC_DEMO
VOL-TG09-003,Demo Volunteer Kamareddy 03,Kamareddy,Kamareddy,Telangana,18.326521,78.394305,car,40,Full Day,ON_TASK,True,SYNTHETIC_DEMO
VOL-TG09-004,Demo Volunteer Kamareddy 04,Kamareddy,Kamareddy,Telangana,18.30561,78.246165,van,40,Evening,ON_TASK,True,SYNTHETIC_DEMO
VOL-TG09-005,Demo Volunteer Kamareddy 05,Kamareddy,Kamareddy,Telangana,18.364694,78.283707,bike,30,Morning,AVAILABLE,True,SYNTHETIC_DEMO
VOL-TG09-006,Demo Volunteer Kamareddy 06,Kamareddy,Kamareddy,Telangana,18.325621,78.398959,auto,15,Evening,AVAILABLE,True,SYNTHETIC_DEMO
VOL-TG09-007,Demo Volunteer Kamareddy 07,Kamareddy,Kamareddy,Telangana,18.30851,78.352179,car,100,Morning,OFFLINE,True,SYNTHETIC_DEMO
VOL-TG09-008,Demo Volunteer Kamareddy 08,Kamareddy,Kamareddy,Telangana,18.371472,78.357757,van,20,Full Day,AVAILABLE,True,SYNTHETIC_DEMO
VOL-TG09-009,Demo Volunteer Kamareddy 09,Kamareddy,Kamareddy,Telangana,18.239061,78.341375,bike,10,Afternoon,AVAILABLE,True,SYNTHETIC_DEMO
VOL-TG09-010,Demo Volunteer Kamareddy 10,Kamareddy,Kamareddy,Telangana,18.338039,78.280938,auto,10,Evening,OFFLINE,True,SYNTHETIC_DEMO
VOL-TG10-001,Demo Volunteer Karimnagar 01,Karimnagar,Karimnagar,Telangana,18.496781,79.143778,bike,60,Afternoon,AVAILABLE,True,SYNTHETIC_DEMO
VOL-TG10-002,Demo Volunteer Karimnagar 02,Karimnagar,Karimnagar,Telangana,18.469659,79.129966,auto,60,Evening,AVAILABLE,True,SYNTHETIC_DEMO
VOL-TG10-003,Demo Volunteer Karimnagar 03,Karimnagar,Karimnagar,Telangana,18.421891,79.197156,car,20,Full Day,AVAILABLE,True,SYNTHETIC_DEMO
VOL-TG10-004,Demo Volunteer Karimnagar 04,Karimnagar,Karimnagar,Telangana,18.493323,79.091535,van,10,Afternoon,ON_TASK,True,SYNTHETIC_DEMO
VOL-TG10-005,Demo Volunteer Karimnagar 05,Karimnagar,Karimnagar,Telangana,18.458309,79.226757,bike,15,Morning,AVAILABLE,True,SYNTHETIC_DEMO
VOL-TG10-006,Demo Volunteer Karimnagar 06,Karimnagar,Karimnagar,Telangana,18.464031,79.172332,auto,40,Full Day,AVAILABLE,True,SYNTHETIC_DEMO
VOL-TG10-007,Demo Volunteer Karimnagar 07,Karimnagar,Karimnagar,Telangana,18.474028,79.088426,car,100,Morning,OFFLINE,True,SYNTHETIC_DEMO
VOL-TG10-008,Demo Volunteer Karimnagar 08,Karimnagar,Karimnagar,Telangana,18.466166,79.135296,van,15,Morning,AVAILABLE,True,SYNTHETIC_DEMO
VOL-TG10-009,Demo Volunteer Karimnagar 09,Karimnagar,Karimnagar,Telangana,18.448439,79.164118,bike,60,Full Day,ON_TASK,True,SYNTHETIC_DEMO
VOL-TG10-010,Demo Volunteer Karimnagar 10,Karimnagar,Karimnagar,Telangana,18.463126,79.123158,auto,100,Afternoon,ON_TASK,True,SYNTHETIC_DEMO
VOL-TG11-001,Demo Volunteer Khammam 01,Khammam,Khammam,Telangana,17.264426,80.175472,bike,20,Full Day,ON_TASK,True,SYNTHETIC_DEMO
VOL-TG11-002,Demo Volunteer Khammam 02,Khammam,Khammam,Telangana,17.197909,80.017291,auto,60,Afternoon,ON_TASK,True,SYNTHETIC_DEMO
VOL-TG11-003,Demo Volunteer Khammam 03,Khammam,Khammam,Telangana,17.289152,80.13198,car,20,Evening,AVAILABLE,True,SYNTHETIC_DEMO
VOL-TG11-004,Demo Volunteer Khammam 04,Khammam,Khammam,Telangana,17.318144,80.135163,van,20,Full Day,ON_TASK,True,SYNTHETIC_DEMO
VOL-TG11-005,Demo Volunteer Khammam 05,Khammam,Khammam,Telangana,17.275124,80.233988,bike,60,Afternoon,OFFLINE,True,SYNTHETIC_DEMO
VOL-TG11-006,Demo Volunteer Khammam 06,Khammam,Khammam,Telangana,17.237404,80.198068,auto,20,Full Day,AVAILABLE,True,SYNTHETIC_DEMO
VOL-TG11-007,Demo Volunteer Khammam 07,Khammam,Khammam,Telangana,17.260504,80.135301,car,10,Afternoon,AVAILABLE,True,SYNTHETIC_DEMO
VOL-TG11-008,Demo Volunteer Khammam 08,Khammam,Khammam,Telangana,17.288942,80.199179,van,60,Afternoon,OFFLINE,True,SYNTHETIC_DEMO
VOL-TG11-009,Demo Volunteer Khammam 09,Khammam,Khammam,Telangana,17.265467,80.216329,bike,60,Afternoon,AVAILABLE,True,SYNTHETIC_DEMO
VOL-TG11-010,Demo Volunteer Khammam 10,Khammam,Khammam,Telangana,17.249728,80.148426,auto,40,Afternoon,AVAILABLE,True,SYNTHETIC_DEMO
VOL-TG12-001,Demo Volunteer Kumuram Bheem 01,Kumuram Bheem,Kumuram Bheem,Telangana,19.355238,79.29953,bike,100,Evening,ON_TASK,True,SYNTHETIC_DEMO
VOL-TG12-002,Demo Volunteer Kumuram Bheem 02,Kumuram Bheem,Kumuram Bheem,Telangana,19.29889,79.265334,auto,10,Afternoon,AVAILABLE,True,SYNTHETIC_DEMO
VOL-TG12-003,Demo Volunteer Kumuram Bheem 03,Kumuram Bheem,Kumuram Bheem,Telangana,19.471104,79.265852,car,15,Afternoon,AVAILABLE,True,SYNTHETIC_DEMO
VOL-TG12-004,Demo Volunteer Kumuram Bheem 04,Kumuram Bheem,Kumuram Bheem,Telangana,19.452839,79.134421,van,100,Full Day,OFFLINE,True,SYNTHETIC_DEMO
VOL-TG12-005,Demo Volunteer Kumuram Bheem 05,Kumuram Bheem,Kumuram Bheem,Telangana,19.511821,79.321599,bike,15,Morning,AVAILABLE,True,SYNTHETIC_DEMO
VOL-TG12-006,Demo Volunteer Kumuram Bheem 06,Kumuram Bheem,Kumuram Bheem,Telangana,19.36531,79.335637,auto,10,Morning,AVAILABLE,True,SYNTHETIC_DEMO
VOL-TG12-007,Demo Volunteer Kumuram Bheem 07,Kumuram Bheem,Kumuram Bheem,Telangana,19.38297,79.259412,car,30,Morning,AVAILABLE,True,SYNTHETIC_DEMO
VOL-TG12-008,Demo Volunteer Kumuram Bheem 08,Kumuram Bheem,Kumuram Bheem,Telangana,19.304766,79.192305,van,10,Afternoon,OFFLINE,True,SYNTHETIC_DEMO
VOL-TG12-009,Demo Volunteer Kumuram Bheem 09,Kumuram Bheem,Kumuram Bheem,Telangana,19.312296,79.224322,bike,15,Evening,AVAILABLE,True,SYNTHETIC_DEMO
VOL-TG12-010,Demo Volunteer Kumuram Bheem 10,Kumuram Bheem,Kumuram Bheem,Telangana,19.188698,79.231685,auto,20,Morning,AVAILABLE,True,SYNTHETIC_DEMO
VOL-TG13-001,Demo Volunteer Mahabubabad 01,Mahabubabad,Mahabubabad,Telangana,17.5637,80.085574,bike,20,Morning,OFFLINE,True,SYNTHETIC_DEMO
VOL-TG13-002,Demo Volunteer Mahabubabad 02,Mahabubabad,Mahabubabad,Telangana,17.595956,79.999673,auto,100,Afternoon,OFFLINE,True,SYNTHETIC_DEMO
VOL-TG13-003,Demo Volunteer Mahabubabad 03,Mahabubabad,Mahabubabad,Telangana,17.593767,79.95992,car,40,Afternoon,AVAILABLE,True,SYNTHETIC_DEMO
VOL-TG13-004,Demo Volunteer Mahabubabad 04,Mahabubabad,Mahabubabad,Telangana,17.545045,80.056554,van,40,Evening,ON_TASK,True,SYNTHETIC_DEMO
VOL-TG13-005,Demo Volunteer Mahabubabad 05,Mahabubabad,Mahabubabad,Telangana,17.572357,80.010002,bike,40,Morning,AVAILABLE,True,SYNTHETIC_DEMO
VOL-TG13-006,Demo Volunteer Mahabubabad 06,Mahabubabad,Mahabubabad,Telangana,17.600877,79.967844,auto,30,Afternoon,AVAILABLE,True,SYNTHETIC_DEMO
VOL-TG13-007,Demo Volunteer Mahabubabad 07,Mahabubabad,Mahabubabad,Telangana,17.507748,79.982277,car,60,Evening,AVAILABLE,True,SYNTHETIC_DEMO
VOL-TG13-008,Demo Volunteer Mahabubabad 08,Mahabubabad,Mahabubabad,Telangana,17.735639,80.050713,van,20,Morning,AVAILABLE,True,SYNTHETIC_DEMO
VOL-TG13-009,Demo Volunteer Mahabubabad 09,Mahabubabad,Mahabubabad,Telangana,17.640738,80.103908,bike,15,Afternoon,ON_TASK,True,SYNTHETIC_DEMO
VOL-TG13-010,Demo Volunteer Mahabubabad 10,Mahabubabad,Mahabubabad,Telangana,17.591372,79.977463,auto,60,Afternoon,AVAILABLE,True,SYNTHETIC_DEMO
VOL-TG14-001,Demo Volunteer Mahabubnagar 01,Mahabubnagar,Mahabubnagar,Telangana,16.757133,78.000151,bike,100,Full Day,AVAILABLE,True,SYNTHETIC_DEMO
VOL-TG14-002,Demo Volunteer Mahabubnagar 02,Mahabubnagar,Mahabubnagar,Telangana,16.79274,77.933324,auto,20,Afternoon,AVAILABLE,True,SYNTHETIC_DEMO
VOL-TG14-003,Demo Volunteer Mahabubnagar 03,Mahabubnagar,Mahabubnagar,Telangana,16.837576,77.99055,car,30,Afternoon,AVAILABLE,True,SYNTHETIC_DEMO
VOL-TG14-004,Demo Volunteer Mahabubnagar 04,Mahabubnagar,Mahabubnagar,Telangana,16.713098,77.946007,van,15,Afternoon,OFFLINE,True,SYNTHETIC_DEMO
VOL-TG14-005,Demo Volunteer Mahabubnagar 05,Mahabubnagar,Mahabubnagar,Telangana,16.666277,77.974275,bike,60,Evening,AVAILABLE,True,SYNTHETIC_DEMO
VOL-TG14-006,Demo Volunteer Mahabubnagar 06,Mahabubnagar,Mahabubnagar,Telangana,16.764919,77.999592,auto,30,Morning,ON_TASK,True,SYNTHETIC_DEMO
VOL-TG14-007,Demo Volunteer Mahabubnagar 07,Mahabubnagar,Mahabubnagar,Telangana,16.742143,78.004855,car,40,Afternoon,AVAILABLE,True,SYNTHETIC_DEMO
VOL-TG14-008,Demo Volunteer Mahabubnagar 08,Mahabubnagar,Mahabubnagar,Telangana,16.808152,77.985439,van,10,Full Day,AVAILABLE,True,SYNTHETIC_DEMO
VOL-TG14-009,Demo Volunteer Mahabubnagar 09,Mahabubnagar,Mahabubnagar,Telangana,16.721858,77.885308,bike,30,Afternoon,AVAILABLE,True,SYNTHETIC_DEMO
VOL-TG14-010,Demo Volunteer Mahabubnagar 10,Mahabubnagar,Mahabubnagar,Telangana,16.780444,78.00822,auto,40,Afternoon,AVAILABLE,True,SYNTHETIC_DEMO
VOL-TG15-001,Demo Volunteer Mancherial 01,Mancherial,Mancherial,Telangana,18.831229,79.489445,bike,60,Full Day,ON_TASK,True,SYNTHETIC_DEMO
VOL-TG15-002,Demo Volunteer Mancherial 02,Mancherial,Mancherial,Telangana,18.936618,79.410542,auto,100,Morning,ON_TASK,True,SYNTHETIC_DEMO
VOL-TG15-003,Demo Volunteer Mancherial 03,Mancherial,Mancherial,Telangana,18.965603,79.506872,car,40,Full Day,OFFLINE,True,SYNTHETIC_DEMO
VOL-TG15-004,Demo Volunteer Mancherial 04,Mancherial,Mancherial,Telangana,18.884114,79.308091,van,10,Full Day,AVAILABLE,True,SYNTHETIC_DEMO
VOL-TG15-005,Demo Volunteer Mancherial 05,Mancherial,Mancherial,Telangana,18.872803,79.439486,bike,40,Afternoon,ON_TASK,True,SYNTHETIC_DEMO
VOL-TG15-006,Demo Volunteer Mancherial 06,Mancherial,Mancherial,Telangana,18.857916,79.400929,auto,30,Evening,AVAILABLE,True,SYNTHETIC_DEMO
VOL-TG15-007,Demo Volunteer Mancherial 07,Mancherial,Mancherial,Telangana,18.857636,79.450517,car,60,Full Day,AVAILABLE,True,SYNTHETIC_DEMO
VOL-TG15-008,Demo Volunteer Mancherial 08,Mancherial,Mancherial,Telangana,18.752361,79.437742,van,15,Afternoon,AVAILABLE,True,SYNTHETIC_DEMO
VOL-TG15-009,Demo Volunteer Mancherial 09,Mancherial,Mancherial,Telangana,18.832637,79.50859,bike,30,Afternoon,ON_TASK,True,SYNTHETIC_DEMO
VOL-TG15-010,Demo Volunteer Mancherial 10,Mancherial,Mancherial,Telangana,18.860713,79.452942,auto,40,Full Day,AVAILABLE,True,SYNTHETIC_DEMO
VOL-TG16-001,Demo Volunteer Medak 01,Medak,Medak,Telangana,18.040689,78.24966,bike,100,Full Day,OFFLINE,True,SYNTHETIC_DEMO
VOL-TG16-002,Demo Volunteer Medak 02,Medak,Medak,Telangana,17.977336,78.202213,auto,40,Afternoon,AVAILABLE,True,SYNTHETIC_DEMO
VOL-TG16-003,Demo Volunteer Medak 03,Medak,Medak,Telangana,18.092652,78.273768,car,20,Afternoon,AVAILABLE,True,SYNTHETIC_DEMO
VOL-TG16-004,Demo Volunteer Medak 04,Medak,Medak,Telangana,18.143172,78.226513,van,15,Evening,AVAILABLE,True,SYNTHETIC_DEMO
VOL-TG16-005,Demo Volunteer Medak 05,Medak,Medak,Telangana,18.091991,78.205716,bike,40,Evening,AVAILABLE,True,SYNTHETIC_DEMO
VOL-TG16-006,Demo Volunteer Medak 06,Medak,Medak,Telangana,18.202161,78.276562,auto,20,Full Day,AVAILABLE,True,SYNTHETIC_DEMO
VOL-TG16-007,Demo Volunteer Medak 07,Medak,Medak,Telangana,18.111312,78.280241,car,40,Full Day,AVAILABLE,True,SYNTHETIC_DEMO
VOL-TG16-008,Demo Volunteer Medak 08,Medak,Medak,Telangana,17.962604,78.348048,van,60,Full Day,AVAILABLE,True,SYNTHETIC_DEMO
VOL-TG16-009,Demo Volunteer Medak 09,Medak,Medak,Telangana,17.899238,78.241272,bike,30,Afternoon,AVAILABLE,True,SYNTHETIC_DEMO
VOL-TG16-010,Demo Volunteer Medak 10,Medak,Medak,Telangana,18.084325,78.213249,auto,15,Morning,AVAILABLE,True,SYNTHETIC_DEMO
VOL-TG17-001,Demo Volunteer Medchal-Malkajgiri 01,Medchal-Malkajgiri,Medchal-Malkajgiri,Telangana,17.626071,78.481736,bike,40,Full Day,ON_TASK,True,SYNTHETIC_DEMO
VOL-TG17-002,Demo Volunteer Medchal-Malkajgiri 02,Medchal-Malkajgiri,Medchal-Malkajgiri,Telangana,17.583239,78.497224,auto,30,Full Day,OFFLINE,True,SYNTHETIC_DEMO
VOL-TG17-003,Demo Volunteer Medchal-Malkajgiri 03,Medchal-Malkajgiri,Medchal-Malkajgiri,Telangana,17.544381,78.407453,car,20,Full Day,AVAILABLE,True,SYNTHETIC_DEMO
VOL-TG17-004,Demo Volunteer Medchal-Malkajgiri 04,Medchal-Malkajgiri,Medchal-Malkajgiri,Telangana,17.66186,78.38509,van,10,Full Day,AVAILABLE,True,SYNTHETIC_DEMO
VOL-TG17-005,Demo Volunteer Medchal-Malkajgiri 05,Medchal-Malkajgiri,Medchal-Malkajgiri,Telangana,17.670318,78.474708,bike,100,Full Day,OFFLINE,True,SYNTHETIC_DEMO
VOL-TG17-006,Demo Volunteer Medchal-Malkajgiri 06,Medchal-Malkajgiri,Medchal-Malkajgiri,Telangana,17.649262,78.52654,auto,20,Evening,OFFLINE,True,SYNTHETIC_DEMO
VOL-TG17-007,Demo Volunteer Medchal-Malkajgiri 07,Medchal-Malkajgiri,Medchal-Malkajgiri,Telangana,17.606565,78.481389,car,60,Afternoon,AVAILABLE,True,SYNTHETIC_DEMO
VOL-TG17-008,Demo Volunteer Medchal-Malkajgiri 08,Medchal-Malkajgiri,Medchal-Malkajgiri,Telangana,17.68357,78.454594,van,100,Full Day,AVAILABLE,True,SYNTHETIC_DEMO
VOL-TG17-009,Demo Volunteer Medchal-Malkajgiri 09,Medchal-Malkajgiri,Medchal-Malkajgiri,Telangana,17.738734,78.446745,bike,20,Afternoon,AVAILABLE,True,SYNTHETIC_DEMO
VOL-TG17-010,Demo Volunteer Medchal-Malkajgiri 10,Medchal-Malkajgiri,Medchal-Malkajgiri,Telangana,17.633695,78.458732,auto,60,Afternoon,AVAILABLE,True,SYNTHETIC_DEMO
VOL-TG18-001,Demo Volunteer Mulugu 01,Mulugu,Mulugu,Telangana,18.185813,79.952615,bike,60,Afternoon,OFFLINE,True,SYNTHETIC_DEMO
VOL-TG18-002,Demo Volunteer Mulugu 02,Mulugu,Mulugu,Telangana,18.179899,79.974934,auto,60,Afternoon,OFFLINE,True,SYNTHETIC_DEMO
VOL-TG18-003,Demo Volunteer Mulugu 03,Mulugu,Mulugu,Telangana,18.162095,79.906023,car,40,Full Day,OFFLINE,True,SYNTHETIC_DEMO
VOL-TG18-004,Demo Volunteer Mulugu 04,Mulugu,Mulugu,Telangana,18.229694,79.907227,van,30,Afternoon,ON_TASK,True,SYNTHETIC_DEMO
VOL-TG18-005,Demo Volunteer Mulugu 05,Mulugu,Mulugu,Telangana,18.174495,80.013611,bike,40,Morning,AVAILABLE,True,SYNTHETIC_DEMO
VOL-TG18-006,Demo Volunteer Mulugu 06,Mulugu,Mulugu,Telangana,18.080898,79.883187,auto,60,Evening,AVAILABLE,True,SYNTHETIC_DEMO
VOL-TG18-007,Demo Volunteer Mulugu 07,Mulugu,Mulugu,Telangana,18.099204,79.902622,car,30,Morning,AVAILABLE,True,SYNTHETIC_DEMO
VOL-TG18-008,Demo Volunteer Mulugu 08,Mulugu,Mulugu,Telangana,18.254023,79.965197,van,20,Evening,AVAILABLE,True,SYNTHETIC_DEMO
VOL-TG18-009,Demo Volunteer Mulugu 09,Mulugu,Mulugu,Telangana,18.132847,79.858515,bike,15,Morning,AVAILABLE,True,SYNTHETIC_DEMO
VOL-TG18-010,Demo Volunteer Mulugu 10,Mulugu,Mulugu,Telangana,18.23575,79.99263,auto,10,Evening,AVAILABLE,True,SYNTHETIC_DEMO
VOL-TG19-001,Demo Volunteer Nagarkurnool 01,Nagarkurnool,Nagarkurnool,Telangana,16.441434,78.32535,bike,60,Morning,AVAILABLE,True,SYNTHETIC_DEMO
VOL-TG19-002,Demo Volunteer Nagarkurnool 02,Nagarkurnool,Nagarkurnool,Telangana,16.594042,78.22709,auto,20,Afternoon,AVAILABLE,True,SYNTHETIC_DEMO
VOL-TG19-003,Demo Volunteer Nagarkurnool 03,Nagarkurnool,Nagarkurnool,Telangana,16.548646,78.243376,car,60,Full Day,AVAILABLE,True,SYNTHETIC_DEMO
VOL-TG19-004,Demo Volunteer Nagarkurnool 04,Nagarkurnool,Nagarkurnool,Telangana,16.469719,78.236222,van,100,Evening,AVAILABLE,True,SYNTHETIC_DEMO
VOL-TG19-005,Demo Volunteer Nagarkurnool 05,Nagarkurnool,Nagarkurnool,Telangana,16.518646,78.351961,bike,15,Afternoon,ON_TASK,True,SYNTHETIC_DEMO
VOL-TG19-006,Demo Volunteer Nagarkurnool 06,Nagarkurnool,Nagarkurnool,Telangana,16.432531,78.305707,auto,40,Afternoon,AVAILABLE,True,SYNTHETIC_DEMO
VOL-TG19-007,Demo Volunteer Nagarkurnool 07,Nagarkurnool,Nagarkurnool,Telangana,16.487263,78.258686,car,15,Evening,AVAILABLE,True,SYNTHETIC_DEMO
VOL-TG19-008,Demo Volunteer Nagarkurnool 08,Nagarkurnool,Nagarkurnool,Telangana,16.416054,78.266738,van,20,Full Day,AVAILABLE,True,SYNTHETIC_DEMO
VOL-TG19-009,Demo Volunteer Nagarkurnool 09,Nagarkurnool,Nagarkurnool,Telangana,16.533533,78.355812,bike,30,Evening,AVAILABLE,True,SYNTHETIC_DEMO
VOL-TG19-010,Demo Volunteer Nagarkurnool 10,Nagarkurnool,Nagarkurnool,Telangana,16.452228,78.33896,auto,15,Evening,AVAILABLE,True,SYNTHETIC_DEMO
VOL-TG20-001,Demo Volunteer Nalgonda 01,Nalgonda,Nalgonda,Telangana,17.04219,79.292675,bike,40,Full Day,ON_TASK,True,SYNTHETIC_DEMO
VOL-TG20-002,Demo Volunteer Nalgonda 02,Nalgonda,Nalgonda,Telangana,17.1451,79.258948,auto,40,Morning,AVAILABLE,True,SYNTHETIC_DEMO
VOL-TG20-003,Demo Volunteer Nalgonda 03,Nalgonda,Nalgonda,Telangana,17.088265,79.187702,car,100,Evening,ON_TASK,True,SYNTHETIC_DEMO
VOL-TG20-004,Demo Volunteer Nalgonda 04,Nalgonda,Nalgonda,Telangana,17.010484,79.263434,van,15,Full Day,AVAILABLE,True,SYNTHETIC_DEMO
VOL-TG20-005,Demo Volunteer Nalgonda 05,Nalgonda,Nalgonda,Telangana,17.126534,79.28535,bike,40,Full Day,AVAILABLE,True,SYNTHETIC_DEMO
VOL-TG20-006,Demo Volunteer Nalgonda 06,Nalgonda,Nalgonda,Telangana,17.061382,79.269817,auto,60,Afternoon,ON_TASK,True,SYNTHETIC_DEMO
VOL-TG20-007,Demo Volunteer Nalgonda 07,Nalgonda,Nalgonda,Telangana,17.173343,79.336633,car,30,Afternoon,ON_TASK,True,SYNTHETIC_DEMO
VOL-TG20-008,Demo Volunteer Nalgonda 08,Nalgonda,Nalgonda,Telangana,17.029285,79.263184,van,40,Full Day,OFFLINE,True,SYNTHETIC_DEMO
VOL-TG20-009,Demo Volunteer Nalgonda 09,Nalgonda,Nalgonda,Telangana,17.085026,79.28803,bike,20,Evening,AVAILABLE,True,SYNTHETIC_DEMO
VOL-TG20-010,Demo Volunteer Nalgonda 10,Nalgonda,Nalgonda,Telangana,17.063127,79.173301,auto,15,Evening,OFFLINE,True,SYNTHETIC_DEMO
VOL-TG21-001,Demo Volunteer Narayanpet 01,Narayanpet,Narayanpet,Telangana,16.762466,77.548504,bike,15,Morning,AVAILABLE,True,SYNTHETIC_DEMO
VOL-TG21-002,Demo Volunteer Narayanpet 02,Narayanpet,Narayanpet,Telangana,16.757293,77.422672,auto,20,Morning,OFFLINE,True,SYNTHETIC_DEMO
VOL-TG21-003,Demo Volunteer Narayanpet 03,Narayanpet,Narayanpet,Telangana,16.808741,77.560779,car,100,Morning,ON_TASK,True,SYNTHETIC_DEMO
VOL-TG21-004,Demo Volunteer Narayanpet 04,Narayanpet,Narayanpet,Telangana,16.805114,77.5326,van,100,Afternoon,AVAILABLE,True,SYNTHETIC_DEMO
VOL-TG21-005,Demo Volunteer Narayanpet 05,Narayanpet,Narayanpet,Telangana,16.842229,77.524497,bike,30,Afternoon,AVAILABLE,True,SYNTHETIC_DEMO
VOL-TG21-006,Demo Volunteer Narayanpet 06,Narayanpet,Narayanpet,Telangana,16.761123,77.403092,auto,30,Evening,AVAILABLE,True,SYNTHETIC_DEMO
VOL-TG21-007,Demo Volunteer Narayanpet 07,Narayanpet,Narayanpet,Telangana,16.694554,77.515383,car,100,Afternoon,AVAILABLE,True,SYNTHETIC_DEMO
VOL-TG21-008,Demo Volunteer Narayanpet 08,Narayanpet,Narayanpet,Telangana,16.70537,77.486132,van,15,Full Day,ON_TASK,True,SYNTHETIC_DEMO
VOL-TG21-009,Demo Volunteer Narayanpet 09,Narayanpet,Narayanpet,Telangana,16.823178,77.514496,bike,15,Evening,AVAILABLE,True,SYNTHETIC_DEMO
VOL-TG21-010,Demo Volunteer Narayanpet 10,Narayanpet,Narayanpet,Telangana,16.809148,77.44936,auto,20,Full Day,AVAILABLE,True,SYNTHETIC_DEMO
VOL-TG22-001,Demo Volunteer Nirmal 01,Nirmal,Nirmal,Telangana,18.996592,78.405771,bike,20,Afternoon,AVAILABLE,True,SYNTHETIC_DEMO
VOL-TG22-002,Demo Volunteer Nirmal 02,Nirmal,Nirmal,Telangana,18.979924,78.377489,auto,15,Full Day,AVAILABLE,True,SYNTHETIC_DEMO
VOL-TG22-003,Demo Volunteer Nirmal 03,Nirmal,Nirmal,Telangana,19.060316,78.378462,car,20,Morning,OFFLINE,True,SYNTHETIC_DEMO
VOL-TG22-004,Demo Volunteer Nirmal 04,Nirmal,Nirmal,Telangana,19.061072,78.350921,van,100,Full Day,AVAILABLE,True,SYNTHETIC_DEMO
VOL-TG22-005,Demo Volunteer Nirmal 05,Nirmal,Nirmal,Telangana,19.035792,78.325709,bike,60,Afternoon,AVAILABLE,True,SYNTHETIC_DEMO
VOL-TG22-006,Demo Volunteer Nirmal 06,Nirmal,Nirmal,Telangana,19.019057,78.398399,auto,60,Morning,OFFLINE,True,SYNTHETIC_DEMO
VOL-TG22-007,Demo Volunteer Nirmal 07,Nirmal,Nirmal,Telangana,19.07225,78.309889,car,100,Evening,ON_TASK,True,SYNTHETIC_DEMO
VOL-TG22-008,Demo Volunteer Nirmal 08,Nirmal,Nirmal,Telangana,19.158772,78.304818,van,60,Full Day,AVAILABLE,True,SYNTHETIC_DEMO
VOL-TG22-009,Demo Volunteer Nirmal 09,Nirmal,Nirmal,Telangana,19.10757,78.249865,bike,60,Full Day,AVAILABLE,True,SYNTHETIC_DEMO
VOL-TG22-010,Demo Volunteer Nirmal 10,Nirmal,Nirmal,Telangana,19.119872,78.365448,auto,30,Evening,AVAILABLE,True,SYNTHETIC_DEMO
VOL-TG23-001,Demo Volunteer Nizamabad 01,Nizamabad,Nizamabad,Telangana,18.645298,78.139599,bike,20,Evening,ON_TASK,True,SYNTHETIC_DEMO
VOL-TG23-002,Demo Volunteer Nizamabad 02,Nizamabad,Nizamabad,Telangana,18.641487,78.056849,auto,60,Morning,OFFLINE,True,SYNTHETIC_DEMO
VOL-TG23-003,Demo Volunteer Nizamabad 03,Nizamabad,Nizamabad,Telangana,18.731761,78.075221,car,100,Morning,AVAILABLE,True,SYNTHETIC_DEMO
VOL-TG23-004,Demo Volunteer Nizamabad 04,Nizamabad,Nizamabad,Telangana,18.6234,78.079913,van,30,Morning,AVAILABLE,True,SYNTHETIC_DEMO
VOL-TG23-005,Demo Volunteer Nizamabad 05,Nizamabad,Nizamabad,Telangana,18.634184,78.117667,bike,40,Morning,ON_TASK,True,SYNTHETIC_DEMO
VOL-TG23-006,Demo Volunteer Nizamabad 06,Nizamabad,Nizamabad,Telangana,18.581666,78.117458,auto,30,Evening,OFFLINE,True,SYNTHETIC_DEMO
VOL-TG23-007,Demo Volunteer Nizamabad 07,Nizamabad,Nizamabad,Telangana,18.689112,78.137051,car,40,Morning,AVAILABLE,True,SYNTHETIC_DEMO
VOL-TG23-008,Demo Volunteer Nizamabad 08,Nizamabad,Nizamabad,Telangana,18.764594,78.113436,van,30,Morning,AVAILABLE,True,SYNTHETIC_DEMO
VOL-TG23-009,Demo Volunteer Nizamabad 09,Nizamabad,Nizamabad,Telangana,18.621133,78.066026,bike,40,Evening,AVAILABLE,True,SYNTHETIC_DEMO
VOL-TG23-010,Demo Volunteer Nizamabad 10,Nizamabad,Nizamabad,Telangana,18.629779,78.154244,auto,30,Afternoon,AVAILABLE,True,SYNTHETIC_DEMO
VOL-TG24-001,Demo Volunteer Peddapalli 01,Peddapalli,Peddapalli,Telangana,18.555616,79.350553,bike,60,Afternoon,AVAILABLE,True,SYNTHETIC_DEMO
VOL-TG24-002,Demo Volunteer Peddapalli 02,Peddapalli,Peddapalli,Telangana,18.603643,79.419361,auto,100,Morning,AVAILABLE,True,SYNTHETIC_DEMO
VOL-TG24-003,Demo Volunteer Peddapalli 03,Peddapalli,Peddapalli,Telangana,18.676903,79.419133,car,10,Morning,AVAILABLE,True,SYNTHETIC_DEMO
VOL-TG24-004,Demo Volunteer Peddapalli 04,Peddapalli,Peddapalli,Telangana,18.668764,79.293082,van,10,Afternoon,AVAILABLE,True,SYNTHETIC_DEMO
VOL-TG24-005,Demo Volunteer Peddapalli 05,Peddapalli,Peddapalli,Telangana,18.570586,79.283173,bike,30,Full Day,AVAILABLE,True,SYNTHETIC_DEMO
VOL-TG24-006,Demo Volunteer Peddapalli 06,Peddapalli,Peddapalli,Telangana,18.567664,79.394684,auto,10,Afternoon,ON_TASK,True,SYNTHETIC_DEMO
VOL-TG24-007,Demo Volunteer Peddapalli 07,Peddapalli,Peddapalli,Telangana,18.49601,79.449481,car,15,Morning,OFFLINE,True,SYNTHETIC_DEMO
VOL-TG24-008,Demo Volunteer Peddapalli 08,Peddapalli,Peddapalli,Telangana,18.555289,79.373835,van,20,Evening,OFFLINE,True,SYNTHETIC_DEMO
VOL-TG24-009,Demo Volunteer Peddapalli 09,Peddapalli,Peddapalli,Telangana,18.636056,79.382152,bike,100,Morning,AVAILABLE,True,SYNTHETIC_DEMO
VOL-TG24-010,Demo Volunteer Peddapalli 10,Peddapalli,Peddapalli,Telangana,18.614715,79.373018,auto,15,Full Day,AVAILABLE,True,SYNTHETIC_DEMO
VOL-TG25-001,Demo Volunteer Rajanna Sircilla 01,Rajanna Sircilla,Rajanna Sircilla,Telangana,18.366561,78.814008,bike,40,Morning,AVAILABLE,True,SYNTHETIC_DEMO
VOL-TG25-002,Demo Volunteer Rajanna Sircilla 02,Rajanna Sircilla,Rajanna Sircilla,Telangana,18.432099,78.756299,auto,40,Afternoon,AVAILABLE,True,SYNTHETIC_DEMO
VOL-TG25-003,Demo Volunteer Rajanna Sircilla 03,Rajanna Sircilla,Rajanna Sircilla,Telangana,18.37176,78.829696,car,20,Evening,ON_TASK,True,SYNTHETIC_DEMO
VOL-TG25-004,Demo Volunteer Rajanna Sircilla 04,Rajanna Sircilla,Rajanna Sircilla,Telangana,18.350766,78.877098,van,40,Morning,ON_TASK,True,SYNTHETIC_DEMO
VOL-TG25-005,Demo Volunteer Rajanna Sircilla 05,Rajanna Sircilla,Rajanna Sircilla,Telangana,18.385314,78.915258,bike,40,Afternoon,AVAILABLE,True,SYNTHETIC_DEMO
VOL-TG25-006,Demo Volunteer Rajanna Sircilla 06,Rajanna Sircilla,Rajanna Sircilla,Telangana,18.390147,78.832848,auto,20,Full Day,AVAILABLE,True,SYNTHETIC_DEMO
VOL-TG25-007,Demo Volunteer Rajanna Sircilla 07,Rajanna Sircilla,Rajanna Sircilla,Telangana,18.434632,78.772296,car,20,Afternoon,AVAILABLE,True,SYNTHETIC_DEMO
VOL-TG25-008,Demo Volunteer Rajanna Sircilla 08,Rajanna Sircilla,Rajanna Sircilla,Telangana,18.393484,78.797855,van,15,Afternoon,OFFLINE,True,SYNTHETIC_DEMO
VOL-TG25-009,Demo Volunteer Rajanna Sircilla 09,Rajanna Sircilla,Rajanna Sircilla,Telangana,18.45976,78.756329,bike,100,Afternoon,OFFLINE,True,SYNTHETIC_DEMO
VOL-TG25-010,Demo Volunteer Rajanna Sircilla 10,Rajanna Sircilla,Rajanna Sircilla,Telangana,18.499671,78.826757,auto,15,Afternoon,AVAILABLE,True,SYNTHETIC_DEMO
VOL-TG26-001,Demo Volunteer Rangareddy 01,Rangareddy,Rangareddy,Telangana,17.166289,78.429936,bike,40,Morning,AVAILABLE,True,SYNTHETIC_DEMO
VOL-TG26-002,Demo Volunteer Rangareddy 02,Rangareddy,Rangareddy,Telangana,17.299164,78.557151,auto,20,Afternoon,AVAILABLE,True,SYNTHETIC_DEMO
VOL-TG26-003,Demo Volunteer Rangareddy 03,Rangareddy,Rangareddy,Telangana,17.183785,78.381723,car,30,Afternoon,ON_TASK,True,SYNTHETIC_DEMO
VOL-TG26-004,Demo Volunteer Rangareddy 04,Rangareddy,Rangareddy,Telangana,17.232546,78.432011,van,30,Afternoon,AVAILABLE,True,SYNTHETIC_DEMO
VOL-TG26-005,Demo Volunteer Rangareddy 05,Rangareddy,Rangareddy,Telangana,17.288951,78.409105,bike,10,Full Day,AVAILABLE,True,SYNTHETIC_DEMO
VOL-TG26-006,Demo Volunteer Rangareddy 06,Rangareddy,Rangareddy,Telangana,17.22966,78.417077,auto,20,Evening,ON_TASK,True,SYNTHETIC_DEMO
VOL-TG26-007,Demo Volunteer Rangareddy 07,Rangareddy,Rangareddy,Telangana,17.283745,78.520557,car,40,Afternoon,ON_TASK,True,SYNTHETIC_DEMO
VOL-TG26-008,Demo Volunteer Rangareddy 08,Rangareddy,Rangareddy,Telangana,17.229008,78.391071,van,30,Morning,AVAILABLE,True,SYNTHETIC_DEMO
VOL-TG26-009,Demo Volunteer Rangareddy 09,Rangareddy,Rangareddy,Telangana,17.249418,78.351755,bike,100,Evening,AVAILABLE,True,SYNTHETIC_DEMO
VOL-TG26-010,Demo Volunteer Rangareddy 10,Rangareddy,Rangareddy,Telangana,17.211925,78.511495,auto,30,Evening,OFFLINE,True,SYNTHETIC_DEMO
VOL-TG27-001,Demo Volunteer Sangareddy 01,Sangareddy,Sangareddy,Telangana,17.699525,78.097488,bike,20,Afternoon,AVAILABLE,True,SYNTHETIC_DEMO
VOL-TG27-002,Demo Volunteer Sangareddy 02,Sangareddy,Sangareddy,Telangana,17.624656,78.083718,auto,60,Full Day,ON_TASK,True,SYNTHETIC_DEMO
VOL-TG27-003,Demo Volunteer Sangareddy 03,Sangareddy,Sangareddy,Telangana,17.594326,78.065219,car,30,Morning,OFFLINE,True,SYNTHETIC_DEMO
VOL-TG27-004,Demo Volunteer Sangareddy 04,Sangareddy,Sangareddy,Telangana,17.592027,78.108788,van,40,Full Day,OFFLINE,True,SYNTHETIC_DEMO
VOL-TG27-005,Demo Volunteer Sangareddy 05,Sangareddy,Sangareddy,Telangana,17.466171,78.056341,bike,60,Afternoon,OFFLINE,True,SYNTHETIC_DEMO
VOL-TG27-006,Demo Volunteer Sangareddy 06,Sangareddy,Sangareddy,Telangana,17.630198,78.170189,auto,100,Afternoon,OFFLINE,True,SYNTHETIC_DEMO
VOL-TG27-007,Demo Volunteer Sangareddy 07,Sangareddy,Sangareddy,Telangana,17.624118,78.011279,car,60,Full Day,AVAILABLE,True,SYNTHETIC_DEMO
VOL-TG27-008,Demo Volunteer Sangareddy 08,Sangareddy,Sangareddy,Telangana,17.626564,78.157487,van,20,Full Day,ON_TASK,True,SYNTHETIC_DEMO
VOL-TG27-009,Demo Volunteer Sangareddy 09,Sangareddy,Sangareddy,Telangana,17.57584,78.0474,bike,60,Full Day,AVAILABLE,True,SYNTHETIC_DEMO
VOL-TG27-010,Demo Volunteer Sangareddy 10,Sangareddy,Sangareddy,Telangana,17.507552,78.080072,auto,20,Full Day,AVAILABLE,True,SYNTHETIC_DEMO
VOL-TG28-001,Demo Volunteer Siddipet 01,Siddipet,Siddipet,Telangana,18.190695,78.861723,bike,40,Evening,OFFLINE,True,SYNTHETIC_DEMO
VOL-TG28-002,Demo Volunteer Siddipet 02,Siddipet,Siddipet,Telangana,17.997883,78.79153,auto,20,Evening,AVAILABLE,True,SYNTHETIC_DEMO
VOL-TG28-003,Demo Volunteer Siddipet 03,Siddipet,Siddipet,Telangana,18.224548,78.891952,car,100,Full Day,OFFLINE,True,SYNTHETIC_DEMO
VOL-TG28-004,Demo Volunteer Siddipet 04,Siddipet,Siddipet,Telangana,18.049193,78.965287,van,40,Afternoon,AVAILABLE,True,SYNTHETIC_DEMO
VOL-TG28-005,Demo Volunteer Siddipet 05,Siddipet,Siddipet,Telangana,18.21816,78.928644,bike,10,Evening,ON_TASK,True,SYNTHETIC_DEMO
VOL-TG28-006,Demo Volunteer Siddipet 06,Siddipet,Siddipet,Telangana,18.065003,78.847608,auto,60,Afternoon,ON_TASK,True,SYNTHETIC_DEMO
VOL-TG28-007,Demo Volunteer Siddipet 07,Siddipet,Siddipet,Telangana,18.266593,78.792752,car,100,Afternoon,AVAILABLE,True,SYNTHETIC_DEMO
VOL-TG28-008,Demo Volunteer Siddipet 08,Siddipet,Siddipet,Telangana,18.101714,78.85806,van,20,Evening,AVAILABLE,True,SYNTHETIC_DEMO
VOL-TG28-009,Demo Volunteer Siddipet 09,Siddipet,Siddipet,Telangana,18.107657,78.880127,bike,10,Full Day,AVAILABLE,True,SYNTHETIC_DEMO
VOL-TG28-010,Demo Volunteer Siddipet 10,Siddipet,Siddipet,Telangana,18.179493,78.903533,auto,20,Full Day,ON_TASK,True,SYNTHETIC_DEMO
VOL-TG29-001,Demo Volunteer Suryapet 01,Suryapet,Suryapet,Telangana,17.075553,79.587,bike,20,Morning,AVAILABLE,True,SYNTHETIC_DEMO
VOL-TG29-002,Demo Volunteer Suryapet 02,Suryapet,Suryapet,Telangana,17.113692,79.568535,auto,15,Full Day,AVAILABLE,True,SYNTHETIC_DEMO
VOL-TG29-003,Demo Volunteer Suryapet 03,Suryapet,Suryapet,Telangana,17.049185,79.607078,car,15,Evening,AVAILABLE,True,SYNTHETIC_DEMO
VOL-TG29-004,Demo Volunteer Suryapet 04,Suryapet,Suryapet,Telangana,17.118335,79.546525,van,15,Afternoon,ON_TASK,True,SYNTHETIC_DEMO
VOL-TG29-005,Demo Volunteer Suryapet 05,Suryapet,Suryapet,Telangana,17.180712,79.589782,bike,15,Full Day,AVAILABLE,True,SYNTHETIC_DEMO
VOL-TG29-006,Demo Volunteer Suryapet 06,Suryapet,Suryapet,Telangana,17.10073,79.57695,auto,15,Evening,OFFLINE,True,SYNTHETIC_DEMO
VOL-TG29-007,Demo Volunteer Suryapet 07,Suryapet,Suryapet,Telangana,17.18863,79.653085,car,20,Morning,ON_TASK,True,SYNTHETIC_DEMO
VOL-TG29-008,Demo Volunteer Suryapet 08,Suryapet,Suryapet,Telangana,17.214461,79.641563,van,60,Full Day,AVAILABLE,True,SYNTHETIC_DEMO
VOL-TG29-009,Demo Volunteer Suryapet 09,Suryapet,Suryapet,Telangana,17.161294,79.622691,bike,30,Evening,ON_TASK,True,SYNTHETIC_DEMO
VOL-TG29-010,Demo Volunteer Suryapet 10,Suryapet,Suryapet,Telangana,17.122854,79.667733,auto,40,Evening,AVAILABLE,True,SYNTHETIC_DEMO
VOL-TG30-001,Demo Volunteer Vikarabad 01,Vikarabad,Vikarabad,Telangana,17.307213,78.016465,bike,20,Full Day,AVAILABLE,True,SYNTHETIC_DEMO
VOL-TG30-002,Demo Volunteer Vikarabad 02,Vikarabad,Vikarabad,Telangana,17.288458,77.922472,auto,40,Full Day,OFFLINE,True,SYNTHETIC_DEMO
VOL-TG30-003,Demo Volunteer Vikarabad 03,Vikarabad,Vikarabad,Telangana,17.326791,77.950688,car,15,Afternoon,AVAILABLE,True,SYNTHETIC_DEMO
VOL-TG30-004,Demo Volunteer Vikarabad 04,Vikarabad,Vikarabad,Telangana,17.382223,77.962023,van,60,Evening,AVAILABLE,True,SYNTHETIC_DEMO
VOL-TG30-005,Demo Volunteer Vikarabad 05,Vikarabad,Vikarabad,Telangana,17.515269,77.961999,bike,10,Evening,AVAILABLE,True,SYNTHETIC_DEMO
VOL-TG30-006,Demo Volunteer Vikarabad 06,Vikarabad,Vikarabad,Telangana,17.331662,77.982448,auto,40,Morning,AVAILABLE,True,SYNTHETIC_DEMO
VOL-TG30-007,Demo Volunteer Vikarabad 07,Vikarabad,Vikarabad,Telangana,17.418308,77.947186,car,60,Evening,OFFLINE,True,SYNTHETIC_DEMO
VOL-TG30-008,Demo Volunteer Vikarabad 08,Vikarabad,Vikarabad,Telangana,17.268723,77.822189,van,60,Morning,ON_TASK,True,SYNTHETIC_DEMO
VOL-TG30-009,Demo Volunteer Vikarabad 09,Vikarabad,Vikarabad,Telangana,17.365776,77.953686,bike,20,Afternoon,AVAILABLE,True,SYNTHETIC_DEMO
VOL-TG30-010,Demo Volunteer Vikarabad 10,Vikarabad,Vikarabad,Telangana,17.282844,77.898226,auto,100,Full Day,OFFLINE,True,SYNTHETIC_DEMO
VOL-TG31-001,Demo Volunteer Wanaparthy 01,Wanaparthy,Wanaparthy,Telangana,16.251815,78.102735,bike,40,Afternoon,AVAILABLE,True,SYNTHETIC_DEMO
VOL-TG31-002,Demo Volunteer Wanaparthy 02,Wanaparthy,Wanaparthy,Telangana,16.422959,78.027938,auto,20,Morning,AVAILABLE,True,SYNTHETIC_DEMO
VOL-TG31-003,Demo Volunteer Wanaparthy 03,Wanaparthy,Wanaparthy,Telangana,16.325636,77.960477,car,40,Afternoon,ON_TASK,True,SYNTHETIC_DEMO
VOL-TG31-004,Demo Volunteer Wanaparthy 04,Wanaparthy,Wanaparthy,Telangana,16.337795,78.170644,van,15,Evening,AVAILABLE,True,SYNTHETIC_DEMO
VOL-TG31-005,Demo Volunteer Wanaparthy 05,Wanaparthy,Wanaparthy,Telangana,16.383058,78.007286,bike,30,Full Day,OFFLINE,True,SYNTHETIC_DEMO
VOL-TG31-006,Demo Volunteer Wanaparthy 06,Wanaparthy,Wanaparthy,Telangana,16.382864,78.010031,auto,15,Evening,AVAILABLE,True,SYNTHETIC_DEMO
VOL-TG31-007,Demo Volunteer Wanaparthy 07,Wanaparthy,Wanaparthy,Telangana,16.412999,78.159394,car,20,Morning,AVAILABLE,True,SYNTHETIC_DEMO
VOL-TG31-008,Demo Volunteer Wanaparthy 08,Wanaparthy,Wanaparthy,Telangana,16.380642,78.195511,van,100,Full Day,AVAILABLE,True,SYNTHETIC_DEMO
VOL-TG31-009,Demo Volunteer Wanaparthy 09,Wanaparthy,Wanaparthy,Telangana,16.442401,78.021282,bike,10,Morning,OFFLINE,True,SYNTHETIC_DEMO
VOL-TG31-010,Demo Volunteer Wanaparthy 10,Wanaparthy,Wanaparthy,Telangana,16.383853,78.019849,auto,100,Afternoon,OFFLINE,True,SYNTHETIC_DEMO
VOL-TG32-001,Demo Volunteer Warangal 01,Warangal,Warangal,Telangana,18.032756,79.659635,bike,10,Afternoon,AVAILABLE,True,SYNTHETIC_DEMO
VOL-TG32-002,Demo Volunteer Warangal 02,Warangal,Warangal,Telangana,17.985804,79.576984,auto,30,Afternoon,ON_TASK,True,SYNTHETIC_DEMO
VOL-TG32-003,Demo Volunteer Warangal 03,Warangal,Warangal,Telangana,18.017619,79.540065,car,30,Morning,AVAILABLE,True,SYNTHETIC_DEMO
VOL-TG32-004,Demo Volunteer Warangal 04,Warangal,Warangal,Telangana,17.96865,79.592646,van,100,Afternoon,OFFLINE,True,SYNTHETIC_DEMO
VOL-TG32-005,Demo Volunteer Warangal 05,Warangal,Warangal,Telangana,18.020147,79.667243,bike,15,Full Day,AVAILABLE,True,SYNTHETIC_DEMO
VOL-TG32-006,Demo Volunteer Warangal 06,Warangal,Warangal,Telangana,18.016608,79.510138,auto,15,Evening,AVAILABLE,True,SYNTHETIC_DEMO
VOL-TG32-007,Demo Volunteer Warangal 07,Warangal,Warangal,Telangana,17.932173,79.595293,car,10,Evening,AVAILABLE,True,SYNTHETIC_DEMO
VOL-TG32-008,Demo Volunteer Warangal 08,Warangal,Warangal,Telangana,17.933614,79.623061,van,60,Evening,AVAILABLE,True,SYNTHETIC_DEMO
VOL-TG32-009,Demo Volunteer Warangal 09,Warangal,Warangal,Telangana,17.999719,79.616044,bike,30,Morning,AVAILABLE,True,SYNTHETIC_DEMO
VOL-TG32-010,Demo Volunteer Warangal 10,Warangal,Warangal,Telangana,18.039036,79.535792,auto,10,Morning,AVAILABLE,True,SYNTHETIC_DEMO
VOL-TG33-001,Demo Volunteer Yadadri Bhuvanagiri 01,Yadadri Bhuvanagiri,Yadadri Bhuvanagiri,Telangana,17.564081,78.903323,bike,20,Full Day,AVAILABLE,True,SYNTHETIC_DEMO
VOL-TG33-002,Demo Volunteer Yadadri Bhuvanagiri 02,Yadadri Bhuvanagiri,Yadadri Bhuvanagiri,Telangana,17.526026,78.892668,auto,60,Evening,AVAILABLE,True,SYNTHETIC_DEMO
VOL-TG33-003,Demo Volunteer Yadadri Bhuvanagiri 03,Yadadri Bhuvanagiri,Yadadri Bhuvanagiri,Telangana,17.510578,78.849246,car,40,Full Day,ON_TASK,True,SYNTHETIC_DEMO
VOL-TG33-004,Demo Volunteer Yadadri Bhuvanagiri 04,Yadadri Bhuvanagiri,Yadadri Bhuvanagiri,Telangana,17.542731,78.884359,van,15,Full Day,AVAILABLE,True,SYNTHETIC_DEMO
VOL-TG33-005,Demo Volunteer Yadadri Bhuvanagiri 05,Yadadri Bhuvanagiri,Yadadri Bhuvanagiri,Telangana,17.531289,78.940529,bike,40,Full Day,ON_TASK,True,SYNTHETIC_DEMO
VOL-TG33-006,Demo Volunteer Yadadri Bhuvanagiri 06,Yadadri Bhuvanagiri,Yadadri Bhuvanagiri,Telangana,17.514734,78.933744,auto,10,Full Day,AVAILABLE,True,SYNTHETIC_DEMO
VOL-TG33-007,Demo Volunteer Yadadri Bhuvanagiri 07,Yadadri Bhuvanagiri,Yadadri Bhuvanagiri,Telangana,17.511834,78.862389,car,60,Full Day,OFFLINE,True,SYNTHETIC_DEMO
VOL-TG33-008,Demo Volunteer Yadadri Bhuvanagiri 08,Yadadri Bhuvanagiri,Yadadri Bhuvanagiri,Telangana,17.522569,78.991799,van,15,Evening,AVAILABLE,True,SYNTHETIC_DEMO
VOL-TG33-009,Demo Volunteer Yadadri Bhuvanagiri 09,Yadadri Bhuvanagiri,Yadadri Bhuvanagiri,Telangana,17.531044,78.995711,bike,60,Afternoon,AVAILABLE,True,SYNTHETIC_DEMO
VOL-TG33-010,Demo Volunteer Yadadri Bhuvanagiri 10,Yadadri Bhuvanagiri,Yadadri Bhuvanagiri,Telangana,17.515293,78.984004,auto,100,Afternoon,AVAILABLE,True,SYNTHETIC_DEMO
